record_id,plot_area_ha,rainfall_mm,soil_ph,seed_kg,distance_km,arrival_hour,actual_yield_kg,dispatch_attention
MZ03-001,1.33,136.0,6.36,279.4,30.5,6,1289.4,1
MZ03-002,1.9,99.6,5.61,334.4,4.7,7,1711.6,0
MZ03-003,2.76,66.2,5.82,273.7,30.5,11,1839.6,1
MZ03-004,0.76,149.3,6.25,281.9,17.4,7,1097.2,0
MZ03-005,0.84,107.1,5.58,160.4,11.3,6,1023.8,0
MZ03-006,1.25,61.7,5.23,282.5,11.7,15,1231.7,1
MZ03-007,1.68,89.5,6.57,103.8,14.6,11,1323.3,0
MZ03-008,2.01,85.7,6.66,229.7,23.4,8,1541.6,1
MZ03-009,1.06,149.3,6.88,206.6,8.0,9,1230.7,0
MZ03-010,2.04,69.6,6.72,235.9,3.1,11,1666.6,0
MZ03-011,1.29,76.2,6.01,207.4,3.5,10,1263.2,0
MZ03-012,1.25,72.4,5.45,95.0,9.7,6,1115.9,0
MZ03-013,1.17,150.3,5.52,250.9,21.4,7,1202.4,1
MZ03-014,1.34,112.2,5.73,276.3,5.7,16,1373.8,0
MZ03-015,2.26,63.2,5.48,266.1,24.0,13,1605.8,1
MZ03-016,0.75,157.9,6.09,340.0,13.2,6,1156.4,0
MZ03-017,1.66,70.5,5.92,211.4,4.7,15,1445.5,0
MZ03-018,1.3,145.9,6.44,284.2,23.1,15,1267.0,1
MZ03-019,2.64,134.1,6.72,147.6,5.5,7,1973.6,0
MZ03-020,2.66,154.5,6.92,349.0,19.9,12,2092.9,1
MZ03-021,2.21,83.3,6.59,138.1,24.5,10,1540.3,1
MZ03-022,0.77,80.1,5.87,304.4,28.1,17,967.1,1
MZ03-023,0.49,131.6,5.41,317.4,11.3,10,1009.9,0
MZ03-024,1.32,73.5,6.41,309.7,18.1,11,1304.8,1
MZ03-025,2.25,45.3,6.56,104.2,9.2,11,1564.9,1
MZ03-026,0.56,77.7,6.68,313.5,7.2,12,964.2,0
MZ03-027,0.69,55.6,6.86,118.3,25.9,13,757.3,1
MZ03-028,0.48,88.4,5.81,231.9,16.2,8,826.3,0
MZ03-029,2.75,126.1,5.26,193.4,13.8,17,1924.0,1
MZ03-030,0.89,60.9,5.28,336.2,10.2,8,1056.5,1
MZ03-031,1.18,150.2,5.59,308.5,31.6,6,1233.8,1
MZ03-032,0.93,126.0,6.89,179.4,4.3,13,1170.4,0
MZ03-033,2.09,151.2,5.32,348.4,5.2,13,1765.2,0
MZ03-034,1.8,60.3,6.92,199.6,19.5,6,1362.0,1
MZ03-035,2.76,82.6,5.41,212.1,2.6,9,1967.3,0
MZ03-036,0.84,68.3,5.48,243.2,17.4,6,912.5,0
MZ03-037,2.73,150.1,6.12,237.2,16.9,14,2029.6,0
MZ03-038,0.84,130.7,5.04,319.4,31.8,16,1044.7,1
MZ03-039,2.19,74.1,5.29,185.5,29.6,11,1533.0,1
MZ03-040,1.3,55.4,5.56,215.3,11.0,10,1172.0,1
MZ03-041,2.55,136.9,6.92,99.0,25.7,16,1766.5,1
MZ03-042,2.72,54.1,5.64,143.0,29.5,16,1718.3,1
MZ03-043,2.09,143.3,6.17,279.6,31.5,8,1607.4,1
MZ03-044,1.97,144.5,5.35,326.5,30.7,16,1651.3,1
MZ03-045,2.38,100.3,5.92,293.6,22.8,13,1753.5,1
MZ03-046,2.78,58.0,5.67,184.6,7.7,16,1849.2,1
MZ03-047,0.9,111.6,6.76,299.3,23.6,13,1122.6,1
MZ03-048,2.2,94.3,5.45,293.8,7.6,7,1769.3,0
MZ03-049,0.73,117.4,6.6,175.7,22.6,14,926.4,1
MZ03-050,2.62,59.9,5.68,125.4,7.7,9,1755.0,1
MZ03-051,1.74,60.5,6.31,202.7,13.6,9,1381.7,1
MZ03-052,1.01,100.6,5.21,272.3,13.6,6,1072.1,1
MZ03-053,2.0,76.1,6.84,247.0,4.1,12,1646.9,0
MZ03-054,1.28,69.6,6.81,181.8,29.5,12,1149.0,1
MZ03-055,0.95,63.6,6.68,114.3,20.4,15,849.9,1
MZ03-056,2.23,148.8,5.72,236.8,10.6,6,1786.9,0
MZ03-057,1.45,151.7,6.24,96.9,10.8,16,1391.8,0
MZ03-058,0.51,146.4,5.55,113.4,12.1,16,915.8,0
MZ03-059,1.78,81.0,6.5,309.4,17.2,14,1529.5,0
MZ03-060,0.49,158.7,5.44,122.7,20.5,7,836.7,1
