record_id,cluster_label
MZ03-001,2
MZ03-002,2
MZ03-003,1
MZ03-004,2
MZ03-005,2
MZ03-006,1
MZ03-007,0
MZ03-008,0
MZ03-009,0
MZ03-010,0
MZ03-011,0
MZ03-012,0
MZ03-013,2
MZ03-014,1
MZ03-015,1
MZ03-016,2
MZ03-017,0
MZ03-018,1
MZ03-019,0
MZ03-020,1
MZ03-021,0
MZ03-022,1
MZ03-023,2
MZ03-024,1
MZ03-025,0
MZ03-026,0
MZ03-027,0
MZ03-028,2
MZ03-029,1
MZ03-030,2
MZ03-031,2
MZ03-032,0
MZ03-033,1
MZ03-034,0
MZ03-035,0
MZ03-036,2
MZ03-037,1
MZ03-038,1
MZ03-039,1
MZ03-040,0
MZ03-041,0
MZ03-042,1
MZ03-043,1
MZ03-044,1
MZ03-045,1
MZ03-046,0
MZ03-047,1
MZ03-048,2
MZ03-049,0
MZ03-050,0
MZ03-051,0
MZ03-052,2
MZ03-053,0
MZ03-054,0
MZ03-055,0
MZ03-056,2
MZ03-057,0
MZ03-058,0
MZ03-059,1
MZ03-060,2
